{
    "2020-01": {
        "hum": 60.36424731182796,
        "max": 29.67741935483871,
        "min": 19.416129032258066,
        "avg": 24.48709677419355,
        "prec": 0.8419354838709678
    },
    "2020-02": {
        "hum": 62.456896551724135,
        "max": 28.741379310344822,
        "min": 18.362068965517246,
        "avg": 23.555172413793105,
        "prec": 2.6482758620689655
    },
    "2020-03": {
        "hum": 69.65188172043011,
        "max": 28.145161290322573,
        "min": 19.0258064516129,
        "avg": 23.303225806451614,
        "prec": 1.645161290322581
    },
    "2020-04": {
        "hum": 69.25138888888888,
        "max": 22.193333333333335,
        "min": 12.970000000000002,
        "avg": 17.39333333333333,
        "prec": 2.68
    },
    "2020-05": {
        "hum": 71.63575268817205,
        "max": 18.94193548387097,
        "min": 9.961290322580647,
        "avg": 14.116129032258065,
        "prec": 0.16451612903225804
    },
    "2020-06": {
        "hum": 76.69305555555556,
        "max": 16.193333333333335,
        "min": 7.8566666666666665,
        "avg": 11.766666666666667,
        "prec": 1.1900000000000002
    },
    "2020-07": {
        "hum": 72.48790322580645,
        "max": 13.867741935483872,
        "min": 5.225806451612905,
        "avg": 9.170967741935483,
        "prec": 0.5
    },
    "2020-08": {
        "hum": 62.836021505376344,
        "max": 18.799999999999997,
        "min": 8.116129032258062,
        "avg": 13.248387096774193,
        "prec": 0.8225806451612904
    },
    "2020-09": {
        "hum": 65.77638888888889,
        "max": 19.113333333333337,
        "min": 8.336666666666666,
        "avg": 13.603333333333332,
        "prec": 2.1333333333333333
    },
    "2020-10": {
        "hum": 66.97715053763442,
        "max": 21.65806451612903,
        "min": 11.783870967741937,
        "avg": 16.651612903225804,
        "prec": 3.5999999999999996
    },
    "2020-11": {
        "hum": 62.09583333333333,
        "max": 26.149999999999995,
        "min": 15.743333333333332,
        "avg": 20.93666666666667,
        "prec": 1.3666666666666667
    },
    "2020-12": {
        "hum": 55.01747311827957,
        "max": 28.34838709677419,
        "min": 16.99677419354839,
        "avg": 22.86129032258065,
        "prec": 1.5354838709677419
    },
    "2021-01": {
        "hum": 55.68682795698925,
        "max": 30.670967741935485,
        "min": 19.912903225806442,
        "avg": 25.13870967741935,
        "prec": 2.1645161290322585
    },
    "2021-02": {
        "hum": 67.80803571428571,
        "max": 27.52857142857143,
        "min": 17.782142857142855,
        "avg": 22.510714285714283,
        "prec": 2.407142857142857
    },
    "2021-03": {
        "hum": 70.70967741935483,
        "max": 25.722580645161287,
        "min": 17.190322580645166,
        "avg": 21.229032258064514,
        "prec": 3.080645161290322
    },
    "2021-04": {
        "hum": 78.45694444444445,
        "max": 23.443333333333324,
        "min": 15.036666666666667,
        "avg": 18.930000000000003,
        "prec": 2.8066666666666666
    },
    "2021-05": {
        "hum": 71.9758064516129,
        "max": 17.841935483870966,
        "min": 8.170967741935485,
        "avg": 12.632258064516128,
        "prec": 1.696774193548387
    },
    "2021-06": {
        "hum": 75.94444444444444,
        "max": 14.713333333333333,
        "min": 7.2633333333333345,
        "avg": 10.799999999999999,
        "prec": 0.9600000000000001
    },
    "2021-07": {
        "hum": 72.4247311827957,
        "max": 15.858064516129033,
        "min": 5.9709677419354845,
        "avg": 10.532258064516132,
        "prec": 1.3838709677419356
    },
    "2021-08": {
        "hum": 74.07661290322581,
        "max": 17.648387096774194,
        "min": 6.554838709677419,
        "avg": 11.625806451612902,
        "prec": 0.9032258064516129
    },
    "2021-09": {
        "hum": 76.90277777777777,
        "max": 18.783333333333335,
        "min": 11.256666666666666,
        "avg": 14.886666666666672,
        "prec": 2.9899999999999998
    },
    "2021-10": {
        "hum": 63.193548387096776,
        "max": 23.012903225806447,
        "min": 12.203225806451615,
        "avg": 17.493548387096773,
        "prec": 1.2225806451612902
    },
    "2021-11": {
        "hum": 60.00694444444444,
        "max": 26.133333333333336,
        "min": 15.523333333333332,
        "avg": 20.883333333333336,
        "prec": 3.673333333333333
    },
    "2021-12": {
        "hum": 60.29704301075269,
        "max": 29.100000000000005,
        "min": 19.103225806451615,
        "avg": 24.09677419354839,
        "prec": 0.39677419354838706
    },
    "2022-01": {
        "hum": 64.63172043010752,
        "max": 30.425806451612896,
        "min": 20.977419354838712,
        "avg": 25.567741935483863,
        "prec": 5.0451612903225795
    },
    "2022-02": {
        "hum": 68.97619047619048,
        "max": 26.496428571428577,
        "min": 16.875000000000004,
        "avg": 21.67142857142857,
        "prec": 5.617857142857143
    },
    "2022-03": {
        "hum": 73.25940860215054,
        "max": 23.49677419354839,
        "min": 14.58387096774194,
        "avg": 18.941935483870967,
        "prec": 3.080645161290323
    },
    "2022-04": {
        "hum": 72.12916666666666,
        "max": 21.306666666666665,
        "min": 11.436666666666667,
        "avg": 16.32,
        "prec": 2.2999999999999994
    },
    "2022-05": {
        "hum": 74.93682795698925,
        "max": 16.664516129032254,
        "min": 7.687096774193548,
        "avg": 11.838709677419352,
        "prec": 0.5935483870967742
    },
    "2022-06": {
        "hum": 72.82777777777778,
        "max": 14.100000000000001,
        "min": 4.753333333333334,
        "avg": 8.913333333333334,
        "prec": 0.02
    },
    "2022-07": {
        "hum": 77.38306451612904,
        "max": 16.17741935483871,
        "min": 7.199999999999999,
        "avg": 11.474193548387095,
        "prec": 1.0161290322580647
    },
    "2022-08": {
        "hum": 68.43682795698925,
        "max": 17.5741935483871,
        "min": 6.9,
        "avg": 11.996774193548386,
        "prec": 0.8193548387096775
    },
    "2022-09": {
        "hum": 63.455555555555556,
        "max": 20.259999999999998,
        "min": 8.883333333333333,
        "avg": 14.379999999999999,
        "prec": 0.45999999999999996
    },
    "2022-10": {
        "hum": 59.78225806451613,
        "max": 22.432258064516127,
        "min": 11.916129032258064,
        "avg": 17.019354838709674,
        "prec": 1.932258064516129
    },
    "2022-11": {
        "hum": 59.77361111111111,
        "max": 27.70666666666666,
        "min": 16.246666666666666,
        "avg": 21.933333333333337,
        "prec": 2.61
    },
    "2022-12": {
        "hum": 54.494623655913976,
        "max": 30.229032258064525,
        "min": 18.53870967741935,
        "avg": 24.464516129032262,
        "prec": 1.3709677419354838
    }
}
