{"2020-01": {"hum": 60.36424731182796, "max": 29.67741935483871, "min": 19.416129032258066, "avg": 24.48709677419355, "prec": 26.1}, "2020-02": {"hum": 62.456896551724135, "max": 28.741379310344822, "min": 18.362068965517246, "avg": 23.555172413793105, "prec": 76.8}, "2020-03": {"hum": 69.65188172043011, "max": 28.145161290322573, "min": 19.0258064516129, "avg": 23.303225806451614, "prec": 51.00000000000001}, "2020-04": {"hum": 69.25138888888888, "max": 22.193333333333335, "min": 12.970000000000002, "avg": 17.39333333333333, "prec": 80.4}, "2020-05": {"hum": 71.63575268817205, "max": 18.94193548387097, "min": 9.961290322580647, "avg": 14.116129032258065, "prec": 5.1}, "2020-06": {"hum": 76.69305555555556, "max": 16.193333333333335, "min": 7.8566666666666665, "avg": 11.766666666666667, "prec": 35.7}, "2020-07": {"hum": 72.48790322580645, "max": 13.867741935483872, "min": 5.225806451612905, "avg": 9.170967741935483, "prec": 15.5}, "2020-08": {"hum": 62.836021505376344, "max": 18.799999999999997, "min": 8.116129032258062, "avg": 13.248387096774193, "prec": 25.5}, "2020-09": {"hum": 65.77638888888889, "max": 19.113333333333337, "min": 8.336666666666666, "avg": 13.603333333333332, "prec": 64.0}, "2020-10": {"hum": 66.97715053763442, "max": 21.65806451612903, "min": 11.783870967741937, "avg": 16.651612903225804, "prec": 111.6}, "2020-11": {"hum": 62.09583333333333, "max": 26.149999999999995, "min": 15.743333333333332, "avg": 20.93666666666667, "prec": 41.0}, "2020-12": {"hum": 55.01747311827957, "max": 28.34838709677419, "min": 16.99677419354839, "avg": 22.86129032258065, "prec": 47.599999999999994}, "2021-01": {"hum": 55.68682795698925, "max": 30.670967741935485, "min": 19.912903225806442, "avg": 25.13870967741935, "prec": 67.10000000000001}, "2021-02": {"hum": 67.80803571428571, "max": 27.52857142857143, "min": 17.782142857142855, "avg": 22.510714285714283, "prec": 67.39999999999999}, "2021-03": {"hum": 70.70967741935483, "max": 25.722580645161287, "min": 17.190322580645166, "avg": 21.229032258064514, "prec": 95.49999999999999}, "2021-04": {"hum": 78.45694444444445, "max": 23.443333333333324, "min": 15.036666666666667, "avg": 18.930000000000003, "prec": 84.2}, "2021-05": {"hum": 71.9758064516129, "max": 17.841935483870966, "min": 8.170967741935485, "avg": 12.632258064516128, "prec": 52.6}, "2021-06": {"hum": 75.94444444444444, "max": 14.713333333333333, "min": 7.2633333333333345, "avg": 10.799999999999999, "prec": 28.8}, "2021-07": {"hum": 72.4247311827957, "max": 15.858064516129033, "min": 5.9709677419354845, "avg": 10.532258064516132, "prec": 42.900000000000006}, "2021-08": {"hum": 74.07661290322581, "max": 17.648387096774194, "min": 6.554838709677419, "avg": 11.625806451612902, "prec": 28.0}, "2021-09": {"hum": 76.90277777777777, "max": 18.783333333333335, "min": 11.256666666666666, "avg": 14.886666666666672, "prec": 89.69999999999999}, "2021-10": {"hum": 63.193548387096776, "max": 23.012903225806447, "min": 12.203225806451615, "avg": 17.493548387096773, "prec": 37.9}, "2021-11": {"hum": 60.00694444444444, "max": 26.133333333333336, "min": 15.523333333333332, "avg": 20.883333333333336, "prec": 110.19999999999999}, "2021-12": {"hum": 60.29704301075269, "max": 29.100000000000005, "min": 19.103225806451615, "avg": 24.09677419354839, "prec": 12.299999999999999}, "2022-01": {"hum": 64.63172043010752, "max": 30.425806451612896, "min": 20.977419354838712, "avg": 25.567741935483863, "prec": 156.39999999999998}, "2022-02": {"hum": 68.97619047619048, "max": 26.496428571428577, "min": 16.875000000000004, "avg": 21.67142857142857, "prec": 157.3}, "2022-03": {"hum": 73.25940860215054, "max": 23.49677419354839, "min": 14.58387096774194, "avg": 18.941935483870967, "prec": 95.50000000000001}, "2022-04": {"hum": 72.12916666666666, "max": 21.306666666666665, "min": 11.436666666666667, "avg": 16.32, "prec": 68.99999999999999}, "2022-05": {"hum": 74.93682795698925, "max": 16.664516129032254, "min": 7.687096774193548, "avg": 11.838709677419352, "prec": 18.4}, "2022-06": {"hum": 72.82777777777778, "max": 14.100000000000001, "min": 4.753333333333334, "avg": 8.913333333333334, "prec": 0.6}, "2022-07": {"hum": 77.38306451612904, "max": 16.17741935483871, "min": 7.199999999999999, "avg": 11.474193548387095, "prec": 31.500000000000004}, "2022-08": {"hum": 68.43682795698925, "max": 17.5741935483871, "min": 6.9, "avg": 11.996774193548386, "prec": 25.400000000000002}, "2022-09": {"hum": 63.455555555555556, "max": 20.259999999999998, "min": 8.883333333333333, "avg": 14.379999999999999, "prec": 13.799999999999999}, "2022-10": {"hum": 59.78225806451613, "max": 22.432258064516127, "min": 11.916129032258064, "avg": 17.019354838709674, "prec": 59.9}, "2022-11": {"hum": 59.77361111111111, "max": 27.70666666666666, "min": 16.246666666666666, "avg": 21.933333333333337, "prec": 78.3}, "2022-12": {"hum": 54.494623655913976, "max": 30.229032258064525, "min": 18.53870967741935, "avg": 24.464516129032262, "prec": 42.5}}