{"2020-01": {"hum": 65.91532258064517, "max": 27.380645161290328, "min": 19.680645161290318, "avg": 23.387096774193548, "prec": 109.50000000000001}, "2020-02": {"hum": 64.92385057471265, "max": 27.365517241379308, "min": 19.306896551724133, "avg": 23.213793103448275, "prec": 36.99999999999999}, "2020-03": {"hum": 73.50806451612904, "max": 26.390322580645165, "min": 19.93548387096774, "avg": 22.89354838709677, "prec": 46.20000000000001}, "2020-04": {"hum": 73.15277777777777, "max": 20.686666666666664, "min": 13.870000000000001, "avg": 17.169999999999998, "prec": 98.5}, "2020-05": {"hum": 74.05645161290323, "max": 17.712903225806453, "min": 11.3258064516129, "avg": 14.261290322580644, "prec": 7.6}, "2020-06": {"hum": 79.2375, "max": 14.993333333333329, "min": 8.98, "avg": 11.823333333333332, "prec": 48.8}, "2020-07": {"hum": 74.86155913978494, "max": 12.396774193548383, "min": 6.683870967741935, "avg": 9.348387096774195, "prec": 15.3}, "2020-08": {"hum": 67.96505376344086, "max": 16.60645161290323, "min": 8.964516129032257, "avg": 12.693548387096772, "prec": 35.1}, "2020-09": {"hum": 70.54583333333333, "max": 17.026666666666664, "min": 9.280000000000001, "avg": 13.083333333333332, "prec": 42.8}, "2020-10": {"hum": 70.37903225806451, "max": 19.948387096774198, "min": 12.190322580645162, "avg": 15.958064516129031, "prec": 83.0}, "2020-11": {"hum": 66.00416666666666, "max": 24.43, "min": 16.509999999999998, "avg": 20.266666666666666, "prec": 23.1}, "2020-12": {"hum": 58.29704301075269, "max": 26.77096774193548, "min": 17.925806451612903, "avg": 22.35483870967742, "prec": 41.6}, "2021-01": {"hum": 62.57392473118279, "max": 28.47419354838709, "min": 20.390322580645158, "avg": 24.161290322580644, "prec": 70.9}, "2021-02": {"hum": 72.66964285714286, "max": 25.86785714285714, "min": 18.800000000000004, "avg": 22.18571428571428, "prec": 64.69999999999999}, "2021-03": {"hum": 73.05510752688173, "max": 24.548387096774196, "min": 17.87741935483871, "avg": 20.99032258064516, "prec": 112.39999999999999}, "2021-04": {"hum": 79.53333333333333, "max": 22.39, "min": 16.42666666666667, "avg": 19.250000000000004, "prec": 72.89999999999999}, "2021-05": {"hum": 74.13844086021506, "max": 16.64193548387097, "min": 9.777419354838708, "avg": 13.041935483870967, "prec": 52.400000000000006}, "2021-06": {"hum": 76.96666666666667, "max": 13.816666666666666, "min": 8.053333333333335, "avg": 10.956666666666669, "prec": 11.4}, "2021-07": {"hum": 74.28629032258064, "max": 14.303225806451612, "min": 7.599999999999999, "avg": 10.729032258064517, "prec": 24.9}, "2021-08": {"hum": 77.83602150537635, "max": 15.593548387096773, "min": 7.72258064516129, "avg": 11.335483870967742, "prec": 52.5}, "2021-09": {"hum": 79.45277777777778, "max": 17.35666666666667, "min": 11.77, "avg": 14.48333333333333, "prec": 96.80000000000001}, "2021-10": {"hum": 66.48118279569893, "max": 21.335483870967746, "min": 13.30967741935484, "avg": 17.216129032258063, "prec": 27.1}, "2021-11": {"hum": 64.9125, "max": 24.26333333333333, "min": 16.213333333333335, "avg": 20.173333333333332, "prec": 54.7}, "2021-12": {"hum": 64.18682795698925, "max": 27.354838709677423, "min": 19.567741935483873, "avg": 23.19677419354839, "prec": 25.0}, "2022-01": {"hum": 67.32123655913979, "max": 28.84516129032258, "min": 21.34193548387097, "avg": 24.974193548387092, "prec": 102.30000000000001}, "2022-02": {"hum": 69.7827380952381, "max": 25.421428571428574, "min": 17.925000000000004, "avg": 21.58928571428571, "prec": 91.4}, "2022-03": {"hum": 70.26881720430107, "max": 23.196774193548386, "min": 15.935483870967742, "avg": 19.45806451612903, "prec": 76.69999999999999}, "2022-04": {"hum": 71.49722222222222, "max": 20.53666666666667, "min": 13.31, "avg": 16.866666666666664, "prec": 47.3}, "2022-05": {"hum": 75.56451612903226, "max": 15.722580645161292, "min": 9.209677419354838, "avg": 12.316129032258065, "prec": 17.5}, "2022-06": {"hum": 74.3861111111111, "max": 12.939999999999996, "min": 6.090000000000001, "avg": 9.176666666666668, "prec": 0.6000000000000001}, "2022-07": {"hum": 79.01612903225806, "max": 14.703225806451611, "min": 8.225806451612902, "avg": 11.370967741935484, "prec": 40.400000000000006}, "2022-08": {"hum": 72.41666666666667, "max": 15.767741935483869, "min": 8.451612903225808, "avg": 11.932258064516125, "prec": 15.3}, "2022-09": {"hum": 67.66388888888889, "max": 18.530000000000005, "min": 10.366666666666667, "avg": 14.283333333333333, "prec": 12.5}, "2022-10": {"hum": 66.1491935483871, "max": 20.54193548387097, "min": 12.53225806451613, "avg": 16.377419354838707, "prec": 35.50000000000001}, "2022-11": {"hum": 62.234722222222224, "max": 26.240000000000006, "min": 17.259999999999998, "avg": 21.656666666666673, "prec": 47.900000000000006}, "2022-12": {"hum": 59.041666666666664, "max": 28.225806451612907, "min": 19.006451612903227, "avg": 23.55483870967742, "prec": 54.50000000000001}}