{"2020-01": {"hum": 62.9005376344086, "max": 28.964516129032265, "min": 18.635483870967743, "avg": 23.709677419354843, "prec": 2.1451612903225805}, "2020-02": {"hum": 61.992816091954026, "max": 28.78275862068966, "min": 17.896551724137932, "avg": 23.33103448275863, "prec": 1.5275862068965516}, "2020-03": {"hum": 71.51075268817205, "max": 27.754838709677422, "min": 18.758064516129036, "avg": 22.906451612903226, "prec": 2.2612903225806456}, "2020-04": {"hum": 70.94722222222222, "max": 21.783333333333335, "min": 12.399999999999997, "avg": 16.916666666666664, "prec": 2.9833333333333334}, "2020-05": {"hum": 71.90322580645162, "max": 18.783870967741937, "min": 9.770967741935483, "avg": 13.867741935483874, "prec": 0.3774193548387097}, "2020-06": {"hum": 77.67916666666666, "max": 15.890000000000002, "min": 7.373333333333334, "avg": 11.343333333333334, "prec": 1.8533333333333333}, "2020-07": {"hum": 73.33064516129032, "max": 13.387096774193548, "min": 5.0354838709677425, "avg": 8.845161290322581, "prec": 0.3225806451612903}, "2020-08": {"hum": 62.975806451612904, "max": 18.438709677419357, "min": 7.664516129032258, "avg": 12.79032258064516, "prec": 0.7161290322580645}, "2020-09": {"hum": 66.63888888888889, "max": 18.693333333333328, "min": 7.766666666666667, "avg": 13.133333333333333, "prec": 1.4133333333333333}, "2020-10": {"hum": 66.75268817204301, "max": 21.54516129032258, "min": 11.058064516129033, "avg": 16.229032258064514, "prec": 3.1322580645161286}, "2020-11": {"hum": 62.4375, "max": 26.07333333333333, "min": 15.489999999999998, "avg": 20.716666666666665, "prec": 0.9233333333333333}, "2020-12": {"hum": 53.891129032258064, "max": 28.54516129032258, "min": 16.835483870967742, "avg": 22.809677419354834, "prec": 1.3419354838709678}, "2021-01": {"hum": 57.625, "max": 30.29032258064516, "min": 19.538709677419355, "avg": 24.64516129032258, "prec": 2.7258064516129035}, "2021-02": {"hum": 69.47767857142857, "max": 27.171428571428578, "min": 17.24285714285714, "avg": 22.053571428571427, "prec": 2.7500000000000004}, "2021-03": {"hum": 71.8225806451613, "max": 25.596774193548384, "min": 16.61290322580645, "avg": 20.82903225806451, "prec": 3.551612903225806}, "2021-04": {"hum": 78.73472222222222, "max": 23.43, "min": 14.813333333333333, "avg": 18.776666666666664, "prec": 2.43}, "2021-05": {"hum": 72.39247311827957, "max": 17.577419354838714, "min": 7.84516129032258, "avg": 12.367741935483872, "prec": 1.8225806451612903}, "2021-06": {"hum": 76.29861111111111, "max": 14.503333333333334, "min": 6.829999999999998, "avg": 10.469999999999999, "prec": 0.5266666666666667}, "2021-07": {"hum": 71.54301075268818, "max": 15.832258064516129, "min": 5.851612903225806, "avg": 10.380645161290323, "prec": 0.661290322580645}, "2021-08": {"hum": 74.09946236559139, "max": 17.348387096774193, "min": 6.180645161290322, "avg": 11.25483870967742, "prec": 1.5612903225806452}, "2021-09": {"hum": 77.38472222222222, "max": 18.543333333333333, "min": 10.780000000000001, "avg": 14.51333333333333, "prec": 2.9833333333333334}, "2021-10": {"hum": 63.24731182795699, "max": 22.91612903225806, "min": 11.754838709677422, "avg": 17.193548387096776, "prec": 0.9096774193548387}, "2021-11": {"hum": 60.47638888888889, "max": 25.820000000000004, "min": 15.213333333333331, "avg": 20.513333333333332, "prec": 4.1066666666666665}, "2021-12": {"hum": 61.836021505376344, "max": 28.9258064516129, "min": 18.693548387096772, "avg": 23.72580645161291, "prec": 0.6580645161290323}, "2022-01": {"hum": 64.3508064516129, "max": 30.45806451612904, "min": 20.454838709677418, "avg": 25.264516129032256, "prec": 3.8387096774193545}, "2022-02": {"hum": 68.59970238095238, "max": 26.48928571428572, "min": 16.575, "avg": 21.47857142857143, "prec": 4.614285714285715}, "2022-03": {"hum": 71.13440860215054, "max": 23.732258064516124, "min": 14.464516129032255, "avg": 19.0, "prec": 2.4612903225806457}, "2022-04": {"hum": 70.60138888888889, "max": 21.546666666666667, "min": 11.176666666666668, "avg": 16.256666666666668, "prec": 2.3233333333333333}, "2022-05": {"hum": 74.58198924731182, "max": 16.54516129032258, "min": 7.054838709677419, "avg": 11.503225806451612, "prec": 0.5129032258064516}, "2022-06": {"hum": 72.85555555555555, "max": 13.94, "min": 4.3, "avg": 8.536666666666665, "prec": 0.04}, "2022-07": {"hum": 77.3252688172043, "max": 15.964516129032258, "min": 6.800000000000002, "avg": 11.096774193548386, "prec": 0.8258064516129032}, "2022-08": {"hum": 68.59946236559139, "max": 17.48709677419355, "min": 6.641935483870966, "avg": 11.738709677419354, "prec": 0.6645161290322581}, "2022-09": {"hum": 63.24861111111111, "max": 20.226666666666667, "min": 8.640000000000002, "avg": 14.216666666666665, "prec": 0.45999999999999996}, "2022-10": {"hum": 60.60215053763441, "max": 22.170967741935478, "min": 11.55483870967742, "avg": 16.706451612903226, "prec": 1.2645161290322582}, "2022-11": {"hum": 57.55833333333333, "max": 28.18, "min": 16.17, "avg": 22.139999999999993, "prec": 1.46}, "2022-12": {"hum": 53.865591397849464, "max": 30.287096774193547, "min": 18.1516129032258, "avg": 24.2258064516129, "prec": 2.193548387096774}}