{"2020-01": {"hum": 60.461021505376344, "max": 29.95806451612903, "min": 19.706451612903223, "avg": 24.8741935483871, "prec": 55.6}, "2020-02": {"hum": 61.104885057471265, "max": 29.555172413793105, "min": 18.70689655172414, "avg": 24.08275862068965, "prec": 60.2}, "2020-03": {"hum": 67.36962365591398, "max": 29.109677419354842, "min": 19.299999999999997, "avg": 23.903225806451616, "prec": 89.0}, "2020-04": {"hum": 68.63333333333334, "max": 22.88333333333333, "min": 13.02, "avg": 17.8, "prec": 104.1}, "2020-05": {"hum": 71.57123655913979, "max": 19.287096774193547, "min": 9.96774193548387, "avg": 14.29677419354839, "prec": 5.3}, "2020-06": {"hum": 76.60694444444445, "max": 16.54666666666667, "min": 8.026666666666666, "avg": 12.006666666666668, "prec": 26.499999999999996}, "2020-07": {"hum": 72.61155913978494, "max": 14.609677419354838, "min": 5.487096774193548, "avg": 9.580645161290322, "prec": 10.8}, "2020-08": {"hum": 62.725806451612904, "max": 19.47096774193549, "min": 8.167741935483871, "avg": 13.638709677419355, "prec": 37.4}, "2020-09": {"hum": 64.62777777777778, "max": 20.139999999999997, "min": 8.446666666666669, "avg": 14.159999999999997, "prec": 94.2}, "2020-10": {"hum": 65.28763440860214, "max": 22.4, "min": 11.812903225806451, "avg": 17.14193548387097, "prec": 95.89999999999999}, "2020-11": {"hum": 57.459722222222226, "max": 27.329999999999995, "min": 16.026666666666667, "avg": 21.80666666666667, "prec": 57.2}, "2020-12": {"hum": 54.39650537634409, "max": 28.864516129032257, "min": 17.0258064516129, "avg": 23.258064516129032, "prec": 44.0}, "2021-01": {"hum": 55.48118279569893, "max": 30.654838709677414, "min": 20.009677419354837, "avg": 25.36129032258064, "prec": 88.5}, "2021-02": {"hum": 64.95833333333333, "max": 28.210714285714285, "min": 18.08928571428571, "avg": 23.110714285714288, "prec": 36.599999999999994}, "2021-03": {"hum": 70.13306451612904, "max": 26.299999999999997, "min": 17.461290322580645, "avg": 21.62903225806452, "prec": 104.5}, "2021-04": {"hum": 76.58472222222223, "max": 24.15666666666667, "min": 15.17666666666667, "avg": 19.303333333333338, "prec": 101.79999999999998}, "2021-05": {"hum": 71.8252688172043, "max": 18.39354838709677, "min": 8.535483870967742, "avg": 13.135483870967743, "prec": 63.699999999999996}, "2021-06": {"hum": 75.51944444444445, "max": 15.060000000000004, "min": 7.443333333333333, "avg": 11.056666666666665, "prec": 7.0}, "2021-07": {"hum": 71.27150537634408, "max": 16.664516129032254, "min": 6.138709677419355, "avg": 10.974193548387099, "prec": 23.5}, "2021-08": {"hum": 69.56317204301075, "max": 19.138709677419353, "min": 6.741935483870969, "avg": 12.529032258064515, "prec": 19.9}, "2021-09": {"hum": 73.03611111111111, "max": 20.35333333333334, "min": 11.609999999999998, "avg": 15.666666666666666, "prec": 64.79999999999998}, "2021-10": {"hum": 57.48924731182796, "max": 24.62258064516129, "min": 12.551612903225806, "avg": 18.567741935483873, "prec": 34.6}, "2021-11": {"hum": 56.702777777777776, "max": 27.163333333333338, "min": 15.946666666666667, "avg": 21.68, "prec": 51.8}, "2021-12": {"hum": 50.23924731182796, "max": 31.587096774193554, "min": 19.874193548387094, "avg": 25.851612903225806, "prec": 6.1}, "2022-01": {"hum": 58.706989247311824, "max": 32.12903225806453, "min": 21.72258064516129, "avg": 26.858064516129037, "prec": 80.99999999999999}, "2022-02": {"hum": 63.486607142857146, "max": 28.410714285714285, "min": 17.428571428571427, "avg": 22.87142857142857, "prec": 134.5}, "2022-03": {"hum": 72.10752688172043, "max": 24.232258064516127, "min": 15.170967741935483, "avg": 19.52903225806451, "prec": 146.49999999999997}, "2022-04": {"hum": 70.91666666666667, "max": 21.983333333333334, "min": 11.703333333333335, "avg": 16.769999999999996, "prec": 46.60000000000001}, "2022-05": {"hum": 73.22849462365592, "max": 17.42258064516129, "min": 8.141935483870967, "avg": 12.467741935483868, "prec": 11.1}, "2022-06": {"hum": 72.80833333333334, "max": 14.733333333333333, "min": 5.253333333333334, "avg": 9.466666666666669, "prec": 0.5}, "2022-07": {"hum": 75.13172043010752, "max": 17.16774193548387, "min": 7.577419354838712, "avg": 11.990322580645161, "prec": 18.4}, "2022-08": {"hum": 65.79704301075269, "max": 18.62258064516129, "min": 6.964516129032259, "avg": 12.548387096774196, "prec": 19.0}, "2022-09": {"hum": 59.30972222222222, "max": 21.290000000000003, "min": 8.930000000000001, "avg": 14.953333333333335, "prec": 15.2}, "2022-10": {"hum": 55.10349462365591, "max": 23.7, "min": 12.154838709677419, "avg": 17.848387096774193, "prec": 71.8}, "2022-11": {"hum": 54.11527777777778, "max": 29.11333333333333, "min": 16.71666666666666, "avg": 22.923333333333336, "prec": 36.5}, "2022-12": {"hum": 47.64247311827957, "max": 32.103225806451604, "min": 19.693548387096776, "avg": 26.06774193548387, "prec": 29.2}}